,Model,Score
0,Logistic Regression,0.9990543735224586
1,KNN,0.9990543735224586
2,SVM,0.9990543735224586
3,Decision Tree,0.9881796690307328
4,Random Forest,0.9981087470449173
5,AdaBoost,0.9966903073286052
6,GradientBoosting,0.9947990543735225
7,Bagging,0.9943262411347518
8,LDA,0.9962174940898345
9,MLP,0.9981087470449173
